Author,Book,Year,Epoch,Genre_Primary,Genre_Secondary,Form,Remarks
Geoffrey Chaucer,The Canterbury Tales,1400,Pre-Modern (pre-1600),Literary / Realist Fiction,Fantasy / Adventure,Other,Epic poem/anthology; multi-genre; Form=Other
Frederick Douglass,Narrative of the Life of Frederick Douglass,1845,19th Century,Literary / Realist Fiction,,Other,Non-fiction memoir; Form=Other
Henry David Thoreau,Walden,1854,19th Century,Literary / Realist Fiction,,Other,Non-fiction essay; Form=Other
James Joyce,Dubliners,1914,Early 20th Century (1900–1950),Literary / Realist Fiction,,Other,Short story collection
Ernest Hemingway,In Our Time,1925,Early 20th Century (1900–1950),Literary / Realist Fiction,,Novel,Short story collection
Edith Hamilton,Mythology,1942,Early 20th Century (1900–1950),Literary / Realist Fiction,,Other,Non-fiction; Form=Other
Martin Luther King Jr,Letter from the Birmingham Jail,1963,Late 20th Century (1950–2000),Literary / Realist Fiction,,Other,Non-fiction essay; Form=Other
Maya Angelou,I Know Why the Caged Bird Sings,1969,Late 20th Century (1950–2000),Coming-of-Age / Bildungsroman,,Other,Autobiographical; Form=Other
Jon Krakauer,Missoula,2015,21st Century (2000+),Literary / Realist Fiction,,Other,Non-fiction true crime; Form=Other
Ijeoma Oluo,So You Want to Talk About Race,2018,21st Century (2000+),Literary / Realist Fiction,,Other,Non-fiction; Form=Other
Sara Saedi,Americanized,2018,21st Century (2000+),Coming-of-Age / Bildungsroman,,Other,YA memoir; Form=Other
Greta Thunberg,No One Is too Small to Make a Difference,2019,21st Century (2000+),Literary / Realist Fiction,,Other,Non-fiction speeches; Form=Other
Anonymous,Beowulf,1000 AD,Pre-Modern (pre-1600),Fantasy / Adventure,,Other,Epic poem; Form=Other; Antiquity
Ovid,Metamorphoses,8 AD,Pre-Modern (pre-1600),Literary / Realist Fiction,Fantasy / Adventure,Other,Narrative poem; Form=Other
Anonymous,The Arabian Nights,N/A,Unknown,Fantasy / Adventure,,Other,Anthology/folklore; Form=Other; date uncertain
Fernando de Rojas,La Celestina,1499,Pre-Modern (pre-1600),Tragedy / Drama,Romance / Domestic Fiction,Novel,Tragicomedy; Form=Play
Miguel de Cervantes,Don Quixote,1605,Early Modern (1600–1800),Comedy / Satire,Literary / Realist Fiction,Novel,
John Bunyan,The Pilgrims Progress,1678,Early Modern (1600–1800),Literary / Realist Fiction,Fantasy / Adventure,Novel,Allegorical novel
Daniel Defoe,Robinson Crusoe,1719,Early Modern (1600–1800),Fantasy / Adventure,Literary / Realist Fiction,Novel,
Daniel Defoe,Moll Flanders,1722,Early Modern (1600–1800),Literary / Realist Fiction,Comedy / Satire,Novel,
Jonathan Swift,Gullivers Travels,1726,Early Modern (1600–1800),Comedy / Satire,Science Fiction / Dystopia,Novel,
Samuel Richardson,Clarissa or the History of a Young Lady,1748,Early Modern (1600–1800),Romance / Domestic Fiction,Literary / Realist Fiction,Novel,Epistolary romance/tragedy
Henry Fielding,Tom Jones,1749,Early Modern (1600–1800),Comedy / Satire,Literary / Realist Fiction,Novel,
Voltaire,Candide,1759,Early Modern (1600–1800),Comedy / Satire,Literary / Realist Fiction,Novel,
Laurence Sterne,Tristram Shandy,1767,Early Modern (1600–1800),Comedy / Satire,,Novel,
Johann Wolfgang von Goethe,The Sorrows of Young Werther,1774,Early Modern (1600–1800),Romance / Domestic Fiction,Tragedy / Drama,Novel,
Pierre Ambroise Laclos,Dangerous Liaisons,1782,Early Modern (1600–1800),Literary / Realist Fiction,Romance / Domestic Fiction,Novel,
Jane Austen,Sense and Sensibility,1811,19th Century,Romance / Domestic Fiction,,Novel,
Jane Austen,Pride and Prejudice,1813,19th Century,Romance / Domestic Fiction,Comedy / Satire,Novel,
Jane Austen,Mansfield Park,1814,19th Century,Romance / Domestic Fiction,,Novel,
Jane Austen,Emma,1815,19th Century,Romance / Domestic Fiction,Comedy / Satire,Novel,
Jane Austen,Northanger Abbey,1817,19th Century,Romance / Domestic Fiction,Comedy / Satire,Novel,Gothic parody
Jane Austen,Persuasion,1817,19th Century,Romance / Domestic Fiction,,Novel,
Mary Shelley,Frankenstein,1818,19th Century,Science Fiction / Dystopia,Literary / Realist Fiction,Novel,Gothic/Sci-Fi/Literary: canonical founding sci-fi text
Sir Walter Scott,Ivanhoe,1819,19th Century,Fantasy / Adventure,Literary / Realist Fiction,Novel,
James Fenimore Cooper,The Last of the Mohicans,1826,19th Century,Fantasy / Adventure,Literary / Realist Fiction,Novel,
Stendhal,The Red and the Black,1830,19th Century,Literary / Realist Fiction,Coming-of-Age / Bildungsroman,Novel,
Victor Hugo,The Hunchback of Notre Dame,1831,19th Century,Literary / Realist Fiction,Tragedy / Drama,Novel,
Charles Dickens,Oliver Twist,1838,19th Century,Literary / Realist Fiction,Coming-of-Age / Bildungsroman,Novel,
Charles Dickens,A Christmas Carol,1843,19th Century,Literary / Realist Fiction,,Play,Novella; ghost story + social commentary
Alexandre Dumas,The Three Musketeers,1844,19th Century,Fantasy / Adventure,,Novel,
Alexandre Dumas,The Count of Monte Cristo,1846,19th Century,Fantasy / Adventure,Mystery / Thriller,Novel,
Herman Melville,Typee,1846,19th Century,Literary / Realist Fiction,Fantasy / Adventure,Novel,Travel/adventure narrative
Charlotte Bronte,Jane Eyre,1847,19th Century,Romance / Domestic Fiction,Coming-of-Age / Bildungsroman,Novel,Gothic romance + Bildungsroman; romance arc is primary
Emily Bronte,Wuthering Heights,1847,19th Century,Tragedy / Drama,Romance / Domestic Fiction,Novel,
William Makepeace Thackeray,Vanity Fair,1848,19th Century,Literary / Realist Fiction,Comedy / Satire,Novel,
Charles Dickens,David Copperfield,1850,19th Century,Coming-of-Age / Bildungsroman,Literary / Realist Fiction,Novel,
Nathaniel Hawthorne,The Scarlet Letter,1850,19th Century,Literary / Realist Fiction,Romance / Domestic Fiction,Novel,
Nathaniel Hawthorne,The House of the Seven Gables,1851,19th Century,Literary / Realist Fiction,,Novel,
Herman Melville,Moby Dick,1851,19th Century,Literary / Realist Fiction,Fantasy / Adventure,Novel,Epic literary; Adventure is secondary
Harriet Beecher Stowe,Uncle Toms Cabin,1852,19th Century,Literary / Realist Fiction,Tragedy / Drama,Novel,
Charles Dickens,Bleak House,1853,19th Century,Literary / Realist Fiction,Mystery / Thriller,Novel,
Charles Dickens,Hard Times,1854,19th Century,Literary / Realist Fiction,,Novel,
Gustave Flaubert,Madame Bovary,1857,19th Century,Literary / Realist Fiction,Tragedy / Drama,Novel,
Charles Dickens,A Tale of Two Cities,1859,19th Century,Literary / Realist Fiction,Tragedy / Drama,Novel,
George Eliot,Adam Bede,1859,19th Century,Literary / Realist Fiction,,Novel,
George Eliot,The Mill on the Floss,1860,19th Century,Literary / Realist Fiction,Tragedy / Drama,Novel,
Charles Dickens,Great Expectations,1861,19th Century,Coming-of-Age / Bildungsroman,Literary / Realist Fiction,Other,
George Eliot,Silas Marner,1861,19th Century,Literary / Realist Fiction,,Novel,
Victor Hugo,Les Misrables,1862,19th Century,Literary / Realist Fiction,Tragedy / Drama,Novel,
Fyodor Dostoevsky,Notes from Underground,1864,19th Century,Literary / Realist Fiction,Tragedy / Drama,Novel,
Lewis Carroll,Alices Adventures in Wonderland,1865,19th Century,Fantasy / Adventure,Comedy / Satire,Novel,
Fyodor Dostoevsky,Crime and Punishment,1866,19th Century,Literary / Realist Fiction,Tragedy / Drama,Novel,Psychological/philosophical; NOT mystery despite crime label
Leo Tolstoy,War and Peace,1867,19th Century,Literary / Realist Fiction,,Novel,
Louisa May Alcott,Little Women,1868,19th Century,Coming-of-Age / Bildungsroman,Romance / Domestic Fiction,Novel,
Wilkie Collins,The Moonstone,1868,19th Century,Mystery / Thriller,,Novel,
Fyodor Dostoevsky,The Idiot,1869,19th Century,Literary / Realist Fiction,Tragedy / Drama,Novel,
Gustave Flaubert,Sentimental Education,1869,19th Century,Literary / Realist Fiction,Coming-of-Age / Bildungsroman,Novel,
Jules Verne,20000 Leagues Under the Sea,1870,19th Century,Science Fiction / Dystopia,Fantasy / Adventure,Novel,
Lewis Carroll,Through the Looking Glass,1871,19th Century,Fantasy / Adventure,Comedy / Satire,Novel,
George Eliot,Middlemarch,1871,19th Century,Literary / Realist Fiction,,Novel,
Jules Verne,Around the World in 80 Days,1872,19th Century,Fantasy / Adventure,,Novel,
Thomas Hardy,Far From the Madding Crowd,1874,19th Century,Literary / Realist Fiction,Romance / Domestic Fiction,Novel,
Mark Twain,The Adventures of Tom Sawyer,1876,19th Century,Coming-of-Age / Bildungsroman,Fantasy / Adventure,Novel,
Henry James,The American,1877,19th Century,Literary / Realist Fiction,,Novel,
Thomas Hardy,The Return of the Native,1878,19th Century,Literary / Realist Fiction,Tragedy / Drama,Novel,
Henry James,Daisy Miller,1878,19th Century,Literary / Realist Fiction,,Novel,
Leo Tolstoy,Anna Karenina,1878,19th Century,Literary / Realist Fiction,Tragedy / Drama,Novel,
Fyodor Dostoevsky,The Brothers Karamazov,1880,19th Century,Literary / Realist Fiction,Tragedy / Drama,Novel,
Henry James,The Portrait of a Lady,1881,19th Century,Literary / Realist Fiction,Tragedy / Drama,Novel,
Howard Pyle,The Merry Adventures of Robin Hood,1883,19th Century,Fantasy / Adventure,,Novel,
Robert Louis Stevenson,Treasure Island,1883,19th Century,Fantasy / Adventure,,Novel,
Mark Twain,The Adventures of Huckleberry Finn,1884,19th Century,Coming-of-Age / Bildungsroman,Comedy / Satire,Novel,
Thomas Hardy,The Mayor of Casterbridge,1886,19th Century,Literary / Realist Fiction,Tragedy / Drama,Novel,
Robert Louis Stevenson,Kidnapped,1886,19th Century,Fantasy / Adventure,,Novel,
Robert Louis Stevenson,Dr Jekyll and Mr Hyde,1886,19th Century,Science Fiction / Dystopia,Mystery / Thriller,Novel,
Leo Tolstoy,The Death of Ivan Ilych,1886,19th Century,Literary / Realist Fiction,Tragedy / Drama,Novel,
Arthur Conan Doyle,A Study in Scarlet,1887,19th Century,Mystery / Thriller,,Novel,
Edward Bellamy,Looking Backward,1888,19th Century,Science Fiction / Dystopia,,Novel,
Mark Twain,A Connecticut Yankee in King Arthurs Court,1889,19th Century,Comedy / Satire,Science Fiction / Dystopia,Novel,
Oscar Wilde,The Picture of Dorian Gray,1890,19th Century,Literary / Realist Fiction,Tragedy / Drama,Play,Philosophical/Gothic; doesn't fit cleanly
Thomas Hardy,Tess of the dUrbervilles,1891,19th Century,Literary / Realist Fiction,Tragedy / Drama,Novel,
Stephen Crane,Maggie A Girl of the Streets,1893,19th Century,Literary / Realist Fiction,Tragedy / Drama,Novel,
Mark Twain,Puddnhead Wilson,1893,19th Century,Comedy / Satire,Literary / Realist Fiction,Novel,
Stephen Crane,The Red Badge of Courage,1895,19th Century,Literary / Realist Fiction,,Novel,
Thomas Hardy,Jude the Obscure,1895,19th Century,Literary / Realist Fiction,Tragedy / Drama,Novel,
HG Wells,The Time Machine,1895,19th Century,Science Fiction / Dystopia,,Novel,
HG Wells,The Island of Dr Moreau,1896,19th Century,Science Fiction / Dystopia,,Novel,
Bram Stoker,Dracula,1897,19th Century,Mystery / Thriller,Literary / Realist Fiction,Novel,Gothic horror but structurally mystery/suspense per taxonomy
Henry James,The Turn of the Screw,1898,19th Century,Mystery / Thriller,Literary / Realist Fiction,Novel,Gothic ghost story / mystery
HG Wells,The War of the Worlds,1898,19th Century,Science Fiction / Dystopia,,Novel,
Kate Chopin,The Awakening,1899,19th Century,Literary / Realist Fiction,Tragedy / Drama,Novel,Feminist realism; tragic arc
Joseph Conrad,Heart of Darkness,1899,19th Century,Literary / Realist Fiction,,Novel,
L Frank Baum,The Wonderful Wizard of Oz,1900,Early 20th Century (1900–1950),Fantasy / Adventure,,Novel,
Joseph Conrad,Lord Jim,1900,Early 20th Century (1900–1950),Literary / Realist Fiction,Tragedy / Drama,Novel,
Theodore Dreiser,Sister Carrie,1900,Early 20th Century (1900–1950),Literary / Realist Fiction,,Novel,
Arthur Conan Doyle,The Hound of the Baskervilles,1902,Early 20th Century (1900–1950),Mystery / Thriller,,Novel,
Henry James,The Ambassadors,1903,Early 20th Century (1900–1950),Literary / Realist Fiction,,Novel,
Jack London,The Call of the Wild,1903,Early 20th Century (1900–1950),Literary / Realist Fiction,Fantasy / Adventure,Novel,
Edith Wharton,The House of Mirth,1905,Early 20th Century (1900–1950),Literary / Realist Fiction,Tragedy / Drama,Novel,
Jack London,White Fang,1906,Early 20th Century (1900–1950),Literary / Realist Fiction,Fantasy / Adventure,Novel,
Upton Sinclair,The Jungle,1906,Early 20th Century (1900–1950),Literary / Realist Fiction,,Novel,
E M Forster,A Room with a View,1908,Early 20th Century (1900–1950),Romance / Domestic Fiction,Comedy / Satire,Novel,
Kenneth Grahame,The Wind in the Willows,1908,Early 20th Century (1900–1950),Fantasy / Adventure,,Novel,
L M Montgomery,Anne of Green Gables,1908,Early 20th Century (1900–1950),Coming-of-Age / Bildungsroman,Romance / Domestic Fiction,Novel,
E M Forster,Howards End,1910,Early 20th Century (1900–1950),Literary / Realist Fiction,,Novel,
Linda Sue Park,A Long Walk to Water,2010,21st Century (2000+),Literary / Realist Fiction,,Novel,
Frances Hodgson Burnett,The Secret Garden,1911,Early 20th Century (1900–1950),Coming-of-Age / Bildungsroman,,Novel,
Edith Wharton,Ethan Frome,1911,Early 20th Century (1900–1950),Literary / Realist Fiction,Tragedy / Drama,Novel,
Thomas Mann,Death in Venice,1912,Early 20th Century (1900–1950),Literary / Realist Fiction,Tragedy / Drama,Novel,
Willa Cather,O Pioneers,1913,Early 20th Century (1900–1950),Literary / Realist Fiction,,Novel,
DH Lawrence,Sons and Lovers,1913,Early 20th Century (1900–1950),Coming-of-Age / Bildungsroman,Literary / Realist Fiction,Play,
Marcel Proust,Swanns Way,1913,Early 20th Century (1900–1950),Literary / Realist Fiction,,Novel,
Ford Madox Ford,The Good Soldier,1915,Early 20th Century (1900–1950),Literary / Realist Fiction,,Novel,
Franz Kafka,The Metamorphosis,1915,Early 20th Century (1900–1950),Literary / Realist Fiction,Tragedy / Drama,Novel,Absurdist/Kafkaesque
James Joyce,A Portrait of the Artist as a Young Man,1916,Early 20th Century (1900–1950),Coming-of-Age / Bildungsroman,Literary / Realist Fiction,Novel,
Willa Cather,My Antonia,1918,Early 20th Century (1900–1950),Literary / Realist Fiction,,Novel,
Sherwood Anderson,Winesburg Ohio,1919,Early 20th Century (1900–1950),Literary / Realist Fiction,,Novel,
Hermann Hesse,Demian,1919,Early 20th Century (1900–1950),Coming-of-Age / Bildungsroman,Literary / Realist Fiction,Novel,
F Scott Fitzgerald,This Side of Paradise,1920,Early 20th Century (1900–1950),Coming-of-Age / Bildungsroman,Romance / Domestic Fiction,Novel,
James Joyce,Ulysses,1920,Early 20th Century (1900–1950),Literary / Realist Fiction,,Novel,
Sinclair Lewis,Main Street,1920,Early 20th Century (1900–1950),Literary / Realist Fiction,Comedy / Satire,Novel,
Edith Wharton,The Age of Innocence,1920,Early 20th Century (1900–1950),Literary / Realist Fiction,Romance / Domestic Fiction,Novel,
Herman Hesse,Siddhartha,1922,Early 20th Century (1900–1950),Literary / Realist Fiction,Coming-of-Age / Bildungsroman,Novel,
Sinclair Lewis,Babbitt,1922,Early 20th Century (1900–1950),Comedy / Satire,Literary / Realist Fiction,Novel,
E M Forster,A Passage to India,1924,Early 20th Century (1900–1950),Literary / Realist Fiction,,Novel,
Herman Melville,Billy Budd Sailor,1924,Early 20th Century (1900–1950),Literary / Realist Fiction,Tragedy / Drama,Novel,
Franz Kafka,The Trial,1925,Early 20th Century (1900–1950),Literary / Realist Fiction,Tragedy / Drama,Novel,Absurdist; not dystopian in Orwellian sense
Sinclair Lewis,Arrowsmith,1925,Early 20th Century (1900–1950),Literary / Realist Fiction,Comedy / Satire,Novel,
John Dos Passos,Manhattan Transfer,1925,Early 20th Century (1900–1950),Literary / Realist Fiction,,Novel,
Virginia Woolf,Mrs Dalloway,1925,Early 20th Century (1900–1950),Literary / Realist Fiction,,Novel,
Agatha Christie,The Murder of Roger Ackroyd,1926,Early 20th Century (1900–1950),Mystery / Thriller,,Novel,
Ernest Hemingway,The Sun Also Rises,1926,Early 20th Century (1900–1950),Literary / Realist Fiction,,Novel,
Hermann Hesse,Steppenwolf,1927,Early 20th Century (1900–1950),Literary / Realist Fiction,,Other,
OE Rlvaag,Giants in the Earth,1927,Early 20th Century (1900–1950),Literary / Realist Fiction,,Novel,
Virginia Woolf,To the Lighthouse,1927,Early 20th Century (1900–1950),Literary / Realist Fiction,,Novel,
Nella Larsen,Quicksand,1928,Early 20th Century (1900–1950),Literary / Realist Fiction,,Novel,
DH Lawrence,Lady Chatterleys Lover,1928,Early 20th Century (1900–1950),Literary / Realist Fiction,Romance / Domestic Fiction,Play,
Erich Maria Remarque,All Quiet on the Western Front,1929,Early 20th Century (1900–1950),Literary / Realist Fiction,,Novel,
Virginia Woolf,Orlando,1928,Early 20th Century (1900–1950),Literary / Realist Fiction,Comedy / Satire,Novel,
William Faulkner,The Sound and the Fury,1929,Early 20th Century (1900–1950),Literary / Realist Fiction,,Novel,
Nella Larsen,Passing,1929,Early 20th Century (1900–1950),Literary / Realist Fiction,Tragedy / Drama,Novel,
Pearl S Buck,The Good Earth,1931,Early 20th Century (1900–1950),Literary / Realist Fiction,,Novel,
William Faulkner,Light in August,1932,Early 20th Century (1900–1950),Literary / Realist Fiction,,Novel,
Aldous Huxley,Brave New World,1932,Early 20th Century (1900–1950),Science Fiction / Dystopia,Literary / Realist Fiction,Novel,
John Steinbeck,The Red Pony,1933,Early 20th Century (1900–1950),Literary / Realist Fiction,,Novel,
Nathanael West,Miss Lonelyhearts,1933,Early 20th Century (1900–1950),Literary / Realist Fiction,,Novel,
Agatha Christie,Murder on the Orient Express,1934,Early 20th Century (1900–1950),Mystery / Thriller,,Novel,
F Scott Fitzgerald,Tender Is the Night,1934,Early 20th Century (1900–1950),Literary / Realist Fiction,Tragedy / Drama,Novel,
John Steinbeck,Tortilla Flat,1935,Early 20th Century (1900–1950),Literary / Realist Fiction,,Novel,
William Faulkner,Absalom Absalom,1936,Early 20th Century (1900–1950),Literary / Realist Fiction,,Novel,
Margaret Mitchell,Gone with the Wind,1936,Early 20th Century (1900–1950),Literary / Realist Fiction,,Novel,
Zora Neale Hurston,Their Eyes Were Watching God,1937,Early 20th Century (1900–1950),Literary / Realist Fiction,Coming-of-Age / Bildungsroman,Novel,
J R R Tolkien,The Hobbit,1937,Early 20th Century (1900–1950),Fantasy / Adventure,,Novel,
William Faulkner,The Unvanquished,1938,Early 20th Century (1900–1950),Literary / Realist Fiction,,Novel,
Daphne du Maurier,Rebecca,1938,Early 20th Century (1900–1950),Mystery / Thriller,Romance / Domestic Fiction,Novel,Gothic suspense/mystery primary
Ayn Rand,Anthem,1938,Early 20th Century (1900–1950),Science Fiction / Dystopia,,Novel,
Jean Paul Sartre,Nausea,1938,Early 20th Century (1900–1950),Literary / Realist Fiction,,Play,Existentialist
Raymond Chandler,The Big Sleep,1939,Early 20th Century (1900–1950),Mystery / Thriller,,Novel,
Agatha Christie,And Then There Were None,1939,Early 20th Century (1900–1950),Mystery / Thriller,,Novel,
John Steinbeck,The Grapes of Wrath,1939,Early 20th Century (1900–1950),Literary / Realist Fiction,,Novel,
Dalton Trumbo,Johnny Got His Gun,1939,Early 20th Century (1900–1950),Literary / Realist Fiction,Tragedy / Drama,Novel,
Nathanael West,The Day of the Locust,1939,Early 20th Century (1900–1950),Literary / Realist Fiction,,Novel,
Graham Greene,The Power and the Glory,1940,Early 20th Century (1900–1950),Literary / Realist Fiction,,Novel,
Ernest Hemingway,For Whom The Bell Tolls,1940,Early 20th Century (1900–1950),Literary / Realist Fiction,,Novel,
Carson McCullers,The Heart Is a Lonely Hunter,1940,Early 20th Century (1900–1950),Literary / Realist Fiction,,Novel,
Richard Wright,Native Son,1940,Early 20th Century (1900–1950),Literary / Realist Fiction,Tragedy / Drama,Novel,
Albert Camus,The Stranger,1942,Early 20th Century (1900–1950),Literary / Realist Fiction,Tragedy / Drama,Novel,Existentialist; flag as Absurdist
William Faulkner,Go Down Moses,1942,Early 20th Century (1900–1950),Literary / Realist Fiction,,Novel,
CS Lewis,The Screwtape Letters,1942,Early 20th Century (1900–1950),Comedy / Satire,Literary / Realist Fiction,Novel,
Antoine de Saint Exupery,The Little Prince,1943,Early 20th Century (1900–1950),Literary / Realist Fiction,Fantasy / Adventure,Other,Philosophical fable; Form=Other (novella/allegory)
Esther Forbes,Johnny Tremain,1943,Early 20th Century (1900–1950),Coming-of-Age / Bildungsroman,Fantasy / Adventure,Novel,
Ayn Rand,The Fountainhead,1943,Early 20th Century (1900–1950),Literary / Realist Fiction,,Novel,Objectivist; less clearly dystopian than Atlas Shrugged
Betty Smith,A Tree Grows in Brooklyn,1943,Early 20th Century (1900–1950),Coming-of-Age / Bildungsroman,Literary / Realist Fiction,Novel,
George Orwell,Animal Farm,1945,Early 20th Century (1900–1950),Science Fiction / Dystopia,Comedy / Satire,Novel,Allegorical dystopia; Satire is secondary
John Steinbeck,Cannery Row,1945,Early 20th Century (1900–1950),Literary / Realist Fiction,,Novel,
Evelyn Waugh,Brideshead Revisited,1945,Early 20th Century (1900–1950),Literary / Realist Fiction,,Novel,
Carson McCullers,The Member of the Wedding,1946,Early 20th Century (1900–1950),Coming-of-Age / Bildungsroman,Literary / Realist Fiction,Novel,
Jack Schaefer,Shane,1946,Early 20th Century (1900–1950),Fantasy / Adventure,Literary / Realist Fiction,Novel,Western
Robert Penn Warren,All the Kings Men,1946,Early 20th Century (1900–1950),Literary / Realist Fiction,,Novel,
Albert Camus,The Plague,1947,Early 20th Century (1900–1950),Literary / Realist Fiction,Tragedy / Drama,Novel,Existentialist allegorical
John Steinbeck,The Pearl,1947,Early 20th Century (1900–1950),Literary / Realist Fiction,,Novel,
Alan Paton,Cry the Beloved Country,1948,Early 20th Century (1900–1950),Literary / Realist Fiction,Tragedy / Drama,Novel,
BF Skinner,Walden Two,1948,Early 20th Century (1900–1950),Science Fiction / Dystopia,,Other,
George Orwell,1984,1949,Early 20th Century (1900–1950),Science Fiction / Dystopia,,Novel,
Ray Bradbury,The Martian Chronicles,1950,Late 20th Century (1950–2000),Science Fiction / Dystopia,,Novel,
CS Lewis,The Lion The Witch and The Wardrobe,1950,Late 20th Century (1950–2000),Fantasy / Adventure,,Novel,
J D Salinger,The Catcher in the Rye,1951,Late 20th Century (1950–2000),Coming-of-Age / Bildungsroman,,Novel,
Herman Wouk,The Caine Mutiny,1951,Late 20th Century (1950–2000),Literary / Realist Fiction,,Novel,
Ralph Ellison,Invisible Man,1952,Late 20th Century (1950–2000),Coming-of-Age / Bildungsroman,Literary / Realist Fiction,Novel,
Ernest Hemingway,The Old Man and the Sea,1952,Late 20th Century (1950–2000),Literary / Realist Fiction,,Novel,
Bernard Malamud,The Natural,1952,Late 20th Century (1950–2000),Literary / Realist Fiction,,Novel,
John Steinbeck,East of Eden,1952,Late 20th Century (1950–2000),Romance / Domestic Fiction,,Novel,
EB White,Charlottes Web,1952,Late 20th Century (1950–2000),Fantasy / Adventure,Coming-of-Age / Bildungsroman,Novel,
James Baldwin,Go Tell It on the Mountain,1953,Late 20th Century (1950–2000),Coming-of-Age / Bildungsroman,Literary / Realist Fiction,Novel,
Ray Bradbury,Fahrenheit 451,1953,Late 20th Century (1950–2000),Science Fiction / Dystopia,,Novel,
Arthur C Clarke,Childhoods End,1953,Late 20th Century (1950–2000),Science Fiction / Dystopia,,Novel,
Conrad Richter,The Light in the Forest,1953,Late 20th Century (1950–2000),Coming-of-Age / Bildungsroman,Literary / Realist Fiction,Novel,
Kingsley Amis,Lucky Jim,1954,Late 20th Century (1950–2000),Comedy / Satire,,Novel,
J R R Tolkien,The Fellowship of the Ring,1954,Late 20th Century (1950–2000),Fantasy / Adventure,,Novel,
J R R Tolkien,The Two Towers,1954,Late 20th Century (1950–2000),Fantasy / Adventure,,Novel,
Graham Greene,The Quiet American,1955,Late 20th Century (1950–2000),Literary / Realist Fiction,,Novel,
Vladimir Nabokov,Lolita,1955,Late 20th Century (1950–2000),Literary / Realist Fiction,,Novel,Controversial; literary fiction; flag for content
J R R Tolkien,The Return of the King,1955,Late 20th Century (1950–2000),Fantasy / Adventure,,Novel,
James Baldwin,Giovannis Room,1956,Late 20th Century (1950–2000),Literary / Realist Fiction,Romance / Domestic Fiction,Novel,
Saul Bellow,Seize the Day,1956,Late 20th Century (1950–2000),Literary / Realist Fiction,,Novel,
Ray Bradbury,Dandelion Wine,1957,Late 20th Century (1950–2000),Coming-of-Age / Bildungsroman,Literary / Realist Fiction,Novel,Most autobiographical/coming-of-age Bradbury
Jack Kerouac,On the Road,1957,Late 20th Century (1950–2000),Literary / Realist Fiction,Coming-of-Age / Bildungsroman,Novel,
Bernard Malamud,The Assistant,1957,Late 20th Century (1950–2000),Literary / Realist Fiction,,Novel,
Ayn Rand,Atlas Shrugged,1957,Late 20th Century (1950–2000),Science Fiction / Dystopia,Literary / Realist Fiction,Novel,Objectivist philosophy; dystopian elements
Nevil Shute,On the Beach,1957,Late 20th Century (1950–2000),Science Fiction / Dystopia,,Novel,
Chinua Achebe,Things Fall Apart,1958,Late 20th Century (1950–2000),Literary / Realist Fiction,Tragedy / Drama,Novel,
Truman Capote,Breakfast at Tiffanys,1958,Late 20th Century (1950–2000),Romance / Domestic Fiction,Literary / Realist Fiction,Novel,
Mary Renault,The King Must Die,1958,Late 20th Century (1950–2000),Fantasy / Adventure,Literary / Realist Fiction,Novel,Historical-mythological
Elizabeth George Speare,The Witch of Blackbird Pond,1958,Late 20th Century (1950–2000),Coming-of-Age / Bildungsroman,Literary / Realist Fiction,Novel,
Leon Uris,Exodus,1958,Late 20th Century (1950–2000),Literary / Realist Fiction,,Novel,
T H White,The Once and Future King,1958,Late 20th Century (1950–2000),Fantasy / Adventure,Comedy / Satire,Novel,
Pat Frank,Alas Babylon,1959,Late 20th Century (1950–2000),Science Fiction / Dystopia,,Novel,
Shirley Jackson,The Haunting of Hill House,1959,Late 20th Century (1950–2000),Mystery / Thriller,Literary / Realist Fiction,Novel,Gothic horror –> Mystery/Thriller
John Knowles,A Separate Peace,1959,Late 20th Century (1950–2000),Coming-of-Age / Bildungsroman,Tragedy / Drama,Novel,
Chinua Achebe,No Longer At Ease,1960,Late 20th Century (1950–2000),Literary / Realist Fiction,,Novel,
Harper Lee,To Kill a Mockingbird,1960,Late 20th Century (1950–2000),Coming-of-Age / Bildungsroman,Literary / Realist Fiction,Novel,
Scott ODell,Island of the Blue Dolphins,1960,Late 20th Century (1950–2000),Coming-of-Age / Bildungsroman,,Novel,
Robert A Heinlein,Stranger in a Strange Land,1961,Late 20th Century (1950–2000),Science Fiction / Dystopia,,Novel,
Joseph Heller,Catch 22,1961,Late 20th Century (1950–2000),Comedy / Satire,Literary / Realist Fiction,Novel,
Norton Juster,The Phantom Tollbooth,1961,Late 20th Century (1950–2000),Fantasy / Adventure,Coming-of-Age / Bildungsroman,Novel,
Wilson Rawls,Where the Red Fern Grows,1961,Late 20th Century (1950–2000),Coming-of-Age / Bildungsroman,,Novel,
J D Salinger,Franny and Zooey,1961,Late 20th Century (1950–2000),Literary / Realist Fiction,,Novel,
Ray Bradbury,Something Wicked This Way Comes,1962,Late 20th Century (1950–2000),Fantasy / Adventure,Coming-of-Age / Bildungsroman,Novel,
Anthony Burgess,A Clockwork Orange,1962,Late 20th Century (1950–2000),Science Fiction / Dystopia,Tragedy / Drama,Novel,
Philip K Dick,The Man in the High Castle,1962,Late 20th Century (1950–2000),Science Fiction / Dystopia,,Novel,
Ken Kesey,One Flew Over the Cuckoos Nest,1962,Late 20th Century (1950–2000),Literary / Realist Fiction,Tragedy / Drama,Novel,
Madeleine LEngle,A Wrinkle in Time,1962,Late 20th Century (1950–2000),Fantasy / Adventure,Science Fiction / Dystopia,Novel,Children's sci-fi fantasy
Alexander Solzhenitsyn,One Day in the Life of Ivan Denisovich,1962,Late 20th Century (1950–2000),Literary / Realist Fiction,,Novel,
Hal Borland,When the Legends Die,1963,Late 20th Century (1950–2000),Coming-of-Age / Bildungsroman,,Novel,
Sylvia Plath,The Bell Jar,1963,Late 20th Century (1950–2000),Coming-of-Age / Bildungsroman,Literary / Realist Fiction,Novel,
Kurt Vonnegut,Cats Cradle,1963,Late 20th Century (1950–2000),Comedy / Satire,Science Fiction / Dystopia,Novel,
Saul Bellow,Herzog,1964,Late 20th Century (1950–2000),Literary / Realist Fiction,,Novel,
Roald Dahl,Charlie and the Chocolate Factory,1964,Late 20th Century (1950–2000),Fantasy / Adventure,,Novel,
Joanne Greenberg,I Never Promised You a Rose Garden,1964,Late 20th Century (1950–2000),Coming-of-Age / Bildungsroman,Literary / Realist Fiction,Novel,
Irene Hunt,Across Five Aprils,1964,Late 20th Century (1950–2000),Coming-of-Age / Bildungsroman,Literary / Realist Fiction,Novel,
Frank Herbert,Dune,1965,Late 20th Century (1950–2000),Science Fiction / Dystopia,Fantasy / Adventure,Novel,Space opera / sci-fi epic
Shsaku Endo,Silence,1966,Late 20th Century (1950–2000),Literary / Realist Fiction,,Novel,
Thomas Pynchon,The Crying of Lot 49,1966,Late 20th Century (1950–2000),Literary / Realist Fiction,Mystery / Thriller,Novel,
Jean Rhys,Wide Sargasso Sea,1966,Late 20th Century (1950–2000),Literary / Realist Fiction,Romance / Domestic Fiction,Novel,
S E Hinton,The Outsiders,1967,Late 20th Century (1950–2000),Coming-of-Age / Bildungsroman,Tragedy / Drama,Novel,
Robert Lipsyte,The Contender,1967,Late 20th Century (1950–2000),Coming-of-Age / Bildungsroman,,Novel,
Gabriel Garcia Marquez,One Hundred Years of Solitude,1967,Late 20th Century (1950–2000),Literary / Realist Fiction,Fantasy / Adventure,Novel,Magical Realism; borderline Literary/Fantasy
Chaim Potok,The Chosen,1967,Late 20th Century (1950–2000),Coming-of-Age / Bildungsroman,,Novel,
Arthur C Clarke,2001 A Space Odyssey,1968,Late 20th Century (1950–2000),Science Fiction / Dystopia,,Novel,
Philip K Dick,Do Androids Dream of Electric Sheep,1968,Late 20th Century (1950–2000),Science Fiction / Dystopia,,Novel,
Paul Zindel,The Pigman,1968,Late 20th Century (1950–2000),Coming-of-Age / Bildungsroman,,Novel,
William Armstrong,Sounder,1969,Late 20th Century (1950–2000),Coming-of-Age / Bildungsroman,Literary / Realist Fiction,Novel,
Kurt Vonnegut,Slaughterhouse Five,1969,Late 20th Century (1950–2000),Comedy / Satire,Science Fiction / Dystopia,Novel,
Toni Morrison,The Bluest Eye,1970,Late 20th Century (1950–2000),Coming-of-Age / Bildungsroman,Literary / Realist Fiction,Novel,
Glendon Swarthout,Bless the Beasts and Children,1970,Late 20th Century (1950–2000),Coming-of-Age / Bildungsroman,,Novel,
Anonymous,Go Ask Alice,1971,Late 20th Century (1950–2000),Coming-of-Age / Bildungsroman,,Novel,YA diary novel
Ernest J Gaines,The Autobiography of Miss Jane Pittman,1971,Late 20th Century (1950–2000),Literary / Realist Fiction,,Novel,
John Gardner,Grendel,1971,Late 20th Century (1950–2000),Literary / Realist Fiction,Fantasy / Adventure,Novel,Postmodern retelling of Beowulf
Richard Adams,Watership Down,1972,Late 20th Century (1950–2000),Fantasy / Adventure,,Novel,
Rudolfo A Anaya,Bless Me Ultima,1972,Late 20th Century (1950–2000),Coming-of-Age / Bildungsroman,,Novel,
Chaim Potok,My Name Is Asher Lev,1972,Late 20th Century (1950–2000),Coming-of-Age / Bildungsroman,,Novel,
William Goldman,The Princess Bride,1973,Late 20th Century (1950–2000),Fantasy / Adventure,Romance / Domestic Fiction,Novel,
Toni Morrison,Sula,1973,Late 20th Century (1950–2000),Literary / Realist Fiction,,Novel,
Iris Murdoch,The Black Prince,1973,Late 20th Century (1950–2000),Literary / Realist Fiction,,Novel,
James Baldwin,If Beale Street Could Talk,1974,Late 20th Century (1950–2000),Literary / Realist Fiction,,Novel,
Christopher and James Lincoln Collier,My Brother Sam Is Dead,1974,Late 20th Century (1950–2000),Coming-of-Age / Bildungsroman,Literary / Realist Fiction,Novel,
Robert Cormier,The Chocolate War,1974,Late 20th Century (1950–2000),Coming-of-Age / Bildungsroman,Tragedy / Drama,Novel,
Stephen King,Carrie,1974,Late 20th Century (1950–2000),Mystery / Thriller,Science Fiction / Dystopia,Novel,"Horror, closest category is Mystery/Thriller"
Michael Shaara,The Killer Angels,1974,Late 20th Century (1950–2000),Literary / Realist Fiction,,Novel,
Judy Blume,Forever,1975,Late 20th Century (1950–2000),Romance / Domestic Fiction,,Novel,YA contemporary romance; Blume
E L Doctorow,Ragtime,1975,Late 20th Century (1950–2000),Literary / Realist Fiction,,Novel,
William Kennedy,Legs,1975,Late 20th Century (1950–2000),Literary / Realist Fiction,,Novel,
Judith Guest,Ordinary People,1976,Late 20th Century (1950–2000),Literary / Realist Fiction,Tragedy / Drama,Novel,
Mildred D Taylor,Roll of Thunder Hear My Cry,1976,Late 20th Century (1950–2000),Coming-of-Age / Bildungsroman,Literary / Realist Fiction,Novel,
Robert Cormier,I Am the Cheese,1977,Late 20th Century (1950–2000),Mystery / Thriller,Coming-of-Age / Bildungsroman,Novel,
Toni Morrison,Song of Solomon,1977,Late 20th Century (1950–2000),Literary / Realist Fiction,,Novel,
Katherine Paterson,Bridge to Terabithia,1977,Late 20th Century (1950–2000),Coming-of-Age / Bildungsroman,Tragedy / Drama,Novel,
Leslie Marmon Silko,Ceremony,1977,Late 20th Century (1950–2000),Literary / Realist Fiction,,Novel,
Octavia E Butler,Kindred,1979,Late 20th Century (1950–2000),Science Fiction / Dystopia,Literary / Realist Fiction,Novel,
VS Naipaul,A Bend in the River,1979,Late 20th Century (1950–2000),Literary / Realist Fiction,,Novel,
William Styron,Sophies Choice,1979,Late 20th Century (1950–2000),Literary / Realist Fiction,Tragedy / Drama,Novel,
Joy Kogawa,Obasan,1981,Late 20th Century (1950–2000),Literary / Realist Fiction,,Novel,
Gabriel Garcia Marquez,Chronicle of a Death Foretold,1981,Late 20th Century (1950–2000),Mystery / Thriller,Literary / Realist Fiction,Novel,Crime/mystery structure with literary quality
Toni Morrison,Tar Baby,1981,Late 20th Century (1950–2000),Literary / Realist Fiction,,Novel,
Salman Rushdie,Midnights Children,1981,Late 20th Century (1950–2000),Literary / Realist Fiction,,Novel,Magical Realism
Todd Strasser,The Wave,1981,Late 20th Century (1950–2000),Coming-of-Age / Bildungsroman,Literary / Realist Fiction,Novel,
Cynthia Voigt,Homecoming,1981,Late 20th Century (1950–2000),Coming-of-Age / Bildungsroman,,Novel,
Isabel Allende,The House of the Spirits,1982,Late 20th Century (1950–2000),Literary / Realist Fiction,Romance / Domestic Fiction,Novel,Magical Realism
Cynthia Voigt,Diceys Song,1982,Late 20th Century (1950–2000),Coming-of-Age / Bildungsroman,,Novel,
Alice Walker,The Color Purple,1982,Late 20th Century (1950–2000),Coming-of-Age / Bildungsroman,Literary / Realist Fiction,Novel,
Sandra Cisneros,The House on Mango Street,1983,Late 20th Century (1950–2000),Coming-of-Age / Bildungsroman,,Novel,
Ernest J Gaines,A Gathering of Old Men,1983,Late 20th Century (1950–2000),Literary / Realist Fiction,Mystery / Thriller,Novel,
Olive Anne Burns,Cold Sassy Tree,1984,Late 20th Century (1950–2000),Coming-of-Age / Bildungsroman,Literary / Realist Fiction,Novel,
Louise Erdrich,Love Medicine,1984,Late 20th Century (1950–2000),Literary / Realist Fiction,,Novel,
Milan Kundera,The Unbearable Lightness of Being,1984,Late 20th Century (1950–2000),Literary / Realist Fiction,Romance / Domestic Fiction,Novel,
Margaret Atwood,The Handmaids Tale,1985,Late 20th Century (1950–2000),Science Fiction / Dystopia,,Novel,
Orson Scott Card,Enders Game,1985,Late 20th Century (1950–2000),Science Fiction / Dystopia,,Novel,
Don DeLillo,White Noise,1985,Late 20th Century (1950–2000),Literary / Realist Fiction,Comedy / Satire,Novel,
Jamaica Kincaid,Annie John,1985,Late 20th Century (1950–2000),Coming-of-Age / Bildungsroman,,Novel,
Gabriel Garcia Marquez,Love in the Time of Cholera,1985,Late 20th Century (1950–2000),Literary / Realist Fiction,Romance / Domestic Fiction,Novel,Magical Realism; romance is secondary to literary quality
Gary Paulsen,Hatchet,1986,Late 20th Century (1950–2000),Coming-of-Age / Bildungsroman,,Novel,
Michael Dorris,A Yellow Raft in Blue Water,1987,Late 20th Century (1950–2000),Romance / Domestic Fiction,,Novel,
Kaye Gibbons,Ellen Foster,1987,Late 20th Century (1950–2000),Romance / Domestic Fiction,,Novel,
Toni Morrison,Beloved,1987,Late 20th Century (1950–2000),Literary / Realist Fiction,Tragedy / Drama,Novel,Magical Realism/historical
Margaret Atwood,Cats Eye,1988,Late 20th Century (1950–2000),Coming-of-Age / Bildungsroman,,Novel,
Paulo Coelho,The Alchemist,1988,Late 20th Century (1950–2000),Literary / Realist Fiction,Fantasy / Adventure,Novel,Philosophical quest; Magical Realism
Roald Dahl,Matilda,1988,Late 20th Century (1950–2000),Fantasy / Adventure,Coming-of-Age / Bildungsroman,Novel,
Barbara Kingsolver,The Bean Trees,1988,Late 20th Century (1950–2000),Literary / Realist Fiction,,Novel,
Walter Dean Myers,Fallen Angels,1988,Late 20th Century (1950–2000),Coming-of-Age / Bildungsroman,Literary / Realist Fiction,Novel,
Bryce Courtenay,The Power of One,1989,Late 20th Century (1950–2000),Coming-of-Age / Bildungsroman,Literary / Realist Fiction,Novel,
Laura Esquivel,Like Water for Chocolate,1989,Late 20th Century (1950–2000),Romance / Domestic Fiction,Literary / Realist Fiction,Novel,Magical Realism romance; romance is primary
John Irving,A Prayer for Owen Meany,1989,Late 20th Century (1950–2000),Literary / Realist Fiction,Coming-of-Age / Bildungsroman,Novel,
Kazuo Ishiguro,The Remains of the Day,1989,Late 20th Century (1950–2000),Literary / Realist Fiction,Romance / Domestic Fiction,Novel,
Lois Lowry,Number the Stars,1989,Late 20th Century (1950–2000),Coming-of-Age / Bildungsroman,Literary / Realist Fiction,Novel,
Alan Moore,V for Vendetta,1989,Late 20th Century (1950–2000),Science Fiction / Dystopia,Mystery / Thriller,Other,Graphic novel; Form=Other
Suzanne Fisher Staples,Shabanu,1989,Late 20th Century (1950–2000),Coming-of-Age / Bildungsroman,,Novel,
Amy Tan,The Joy Luck Club,1989,Late 20th Century (1950–2000),Literary / Realist Fiction,Coming-of-Age / Bildungsroman,Novel,
Michael Crichton,Jurassic Park,1990,Late 20th Century (1950–2000),Science Fiction / Dystopia,Mystery / Thriller,Novel,Techno-thriller/sci-fi
Barbara Kingsolver,Animal Dreams,1990,Late 20th Century (1950–2000),Literary / Realist Fiction,,Novel,
Tim OBrien,The Things They Carried,1990,Late 20th Century (1950–2000),Literary / Realist Fiction,,Novel,Short story cycle about Vietnam
Julia Alvarez,How the Garcia Girls Lost Their Accents,1991,Late 20th Century (1950–2000),Coming-of-Age / Bildungsroman,Literary / Realist Fiction,Novel,
Pat Barker,Regeneration,1991,Late 20th Century (1950–2000),Literary / Realist Fiction,,Novel,
Jane Smiley,A Thousand Acres,1991,Late 20th Century (1950–2000),Literary / Realist Fiction,Tragedy / Drama,Novel,King Lear adaptation
Amy Tan,The Kitchen Gods Wife,1991,Late 20th Century (1950–2000),Literary / Realist Fiction,,Novel,
Stephen E Ambrose,Band of Brothers,1992,Late 20th Century (1950–2000),Literary / Realist Fiction,,Other,Non-fiction military history; Form=Other
Cormac McCarthy,All the Pretty Horses,1992,Late 20th Century (1950–2000),Literary / Realist Fiction,Coming-of-Age / Bildungsroman,Novel,
Toni Morrison,Jazz,1992,Late 20th Century (1950–2000),Literary / Realist Fiction,,Novel,
Michael Ondaatje,The English Patient,1992,Late 20th Century (1950–2000),Literary / Realist Fiction,,Novel,
Donna Tartt,The Secret History,1992,Late 20th Century (1950–2000),Mystery / Thriller,Literary / Realist Fiction,Novel,Dark academia mystery
Octavia E Butler,Parable of the Sower,1993,Late 20th Century (1950–2000),Science Fiction / Dystopia,,Novel,
Jeffrey Eugenides,The Virgin Suicides,1993,Late 20th Century (1950–2000),Literary / Realist Fiction,Mystery / Thriller,Novel,
Ernest J Gaines,A Lesson Before Dying,1993,Late 20th Century (1950–2000),Literary / Realist Fiction,Tragedy / Drama,Novel,
Barbara Kingsolver,Pigs in Heaven,1993,Late 20th Century (1950–2000),Romance / Domestic Fiction,,Novel,
Lois Lowry,The Giver,1993,Late 20th Century (1950–2000),Science Fiction / Dystopia,,Novel,
Rodman Philbrick,Freak the Mighty,1993,Late 20th Century (1950–2000),Coming-of-Age / Bildungsroman,,Novel,
Annie Proulx,The Shipping News,1993,Late 20th Century (1950–2000),Literary / Realist Fiction,,Novel,
Andrzej Sapkowski,The Last Wish,1993,Late 20th Century (1950–2000),Fantasy / Adventure,,Novel,
Julia Alvarez,In the Time of The Butterflies,1994,Late 20th Century (1950–2000),Literary / Realist Fiction,Tragedy / Drama,Novel,
Sharon Creech,Walk Two Moons,1994,Late 20th Century (1950–2000),Coming-of-Age / Bildungsroman,,Novel,
Edwidge Danticat,Breath Eyes Memory,1994,Late 20th Century (1950–2000),Coming-of-Age / Bildungsroman,Literary / Realist Fiction,Other,
David Guterson,Snow Falling on Cedars,1994,Late 20th Century (1950–2000),Mystery / Thriller,Literary / Realist Fiction,Novel,
Tim OBrien,In the Lake of the Woods,1994,Late 20th Century (1950–2000),Mystery / Thriller,Literary / Realist Fiction,Novel,
Christopher Paul Curtis,The Watsons Go to Birmingham1963,1995,Late 20th Century (1950–2000),Coming-of-Age / Bildungsroman,Literary / Realist Fiction,Novel,
Helena Maria Viramontes,Under the Feet of Jesus,1995,Late 20th Century (1950–2000),Literary / Realist Fiction,Coming-of-Age / Bildungsroman,Novel,
Margaret Atwood,Alias Grace,1996,Late 20th Century (1950–2000),Literary / Realist Fiction,,Novel,
George RR Martin,A Game of Thrones,1996,Late 20th Century (1950–2000),Fantasy / Adventure,,Novel,
Edward Bloor,Tangerine,1997,Late 20th Century (1950–2000),Coming-of-Age / Bildungsroman,,Novel,
Anita Diamant,The Red Tent,1997,Late 20th Century (1950–2000),Literary / Realist Fiction,,Novel,
Charles Frazier,Cold Mountain,1997,Late 20th Century (1950–2000),Literary / Realist Fiction,Romance / Domestic Fiction,Novel,
J K Rowling,Harry Potter and the Sorcerers Stone,1997,Late 20th Century (1950–2000),Fantasy / Adventure,,Novel,
Arundhati Roy,The God of Small Things,1997,Late 20th Century (1950–2000),Literary / Realist Fiction,Tragedy / Drama,Novel,
Michael Cunningham,The Hours,1998,Late 20th Century (1950–2000),Literary / Realist Fiction,Tragedy / Drama,Novel,
Barbara Kingsolver,The Poisonwood Bible,1998,Late 20th Century (1950–2000),Literary / Realist Fiction,,Novel,
George RR Martin,A Clash of Kings,1998,Late 20th Century (1950–2000),Fantasy / Adventure,,Novel,
J K Rowling,Harry Potter and the Chamber of Secrets,1998,Late 20th Century (1950–2000),Fantasy / Adventure,,Novel,
Louis Sachar,Holes,1998,Late 20th Century (1950–2000),Mystery / Thriller,Fantasy / Adventure,Novel,
Daniel Wallace,Big Fish,1998,Late 20th Century (1950–2000),Literary / Realist Fiction,Fantasy / Adventure,Novel,Magical Realism
Tracy Wolff,Crave,2020,21st Century (2000+),Fantasy / Adventure,Romance / Domestic Fiction,Novel,Paranormal vampire YA romance; fantasy primary
Laurie Halse Anderson,Speak,1999,Late 20th Century (1950–2000),Coming-of-Age / Bildungsroman,,Novel,
JM Coetzee,Disgrace,1999,Late 20th Century (1950–2000),Literary / Realist Fiction,Tragedy / Drama,Novel,
Christopher Paul Curtis,Bud Not Buddy,1999,Late 20th Century (1950–2000),Coming-of-Age / Bildungsroman,Literary / Realist Fiction,Novel,
Changrae Lee,A Gesture Life,1999,Late 20th Century (1950–2000),Literary / Realist Fiction,,Novel,
Walter Dean Myers,Monster,1999,Late 20th Century (1950–2000),Coming-of-Age / Bildungsroman,Mystery / Thriller,Novel,
J K Rowling,Harry Potter and the Prisoner of Azkaban,1999,Late 20th Century (1950–2000),Fantasy / Adventure,,Novel,
Laurie Halse Anderson,Fever 1793,2000,21st Century (2000+),Literary / Realist Fiction,,Novel,
Margaret Atwood,The Blind Assassin,2000,21st Century (2000+),Mystery / Thriller,,Novel,
Lois Lowry,Gathering Blue,2000,21st Century (2000+),Science Fiction / Dystopia,,Novel,
George RR Martin,A Storm of Swords,2000,21st Century (2000+),Fantasy / Adventure,,Novel,
Philip Pullman,His Dark Materials,2000,21st Century (2000+),Fantasy / Adventure,Science Fiction / Dystopia,Novel,
Julia Quinn,The Duke and I,2000,21st Century (2000+),Romance / Domestic Fiction,,Novel,
J K Rowling,Harry Potter and the Goblet of Fire,2000,21st Century (2000+),Fantasy / Adventure,,Novel,
Pam Muoz Ryan,Esperanza Rising,2000,21st Century (2000+),Tragedy / Drama,,Novel,
Zadie Smith,White Teeth,2000,21st Century (2000+),Romance / Domestic Fiction,,Novel,
Mildred D Taylor,The Land,2001,21st Century (2000+),Literary / Realist Fiction,,Novel,
Ann Brashares,The Sisterhood of the Traveling Pants,2001,21st Century (2000+),Coming-of-Age / Bildungsroman,Romance / Domestic Fiction,Novel,
Sue Monk Kidd,The Secret Life of Bees,2001,21st Century (2000+),Coming-of-Age / Bildungsroman,,Novel,
Yann Martel,Life of Pi,2001,21st Century (2000+),Literary / Realist Fiction,Fantasy / Adventure,Novel,Philosophical adventure
Ian McEwan,Atonement,2001,21st Century (2000+),Literary / Realist Fiction,Coming-of-Age / Bildungsroman,Novel,
Ann Patchett,Bel Canto,2001,21st Century (2000+),Literary / Realist Fiction,Romance / Domestic Fiction,Novel,
Amy Tan,The Bonesetters Daughter,2001,21st Century (2000+),Literary / Realist Fiction,Coming-of-Age / Bildungsroman,Novel,
MT Anderson,Feed,2002,21st Century (2000+),Science Fiction / Dystopia,,Novel,
Jeffrey Eugenides,Middlesex,2002,21st Century (2000+),Literary / Realist Fiction,Coming-of-Age / Bildungsroman,Novel,
Alice Sebold,The Lovely Bones,2002,21st Century (2000+),Mystery / Thriller,Coming-of-Age / Bildungsroman,Novel,
Markus Zusak,I Am the Messenger,2002,21st Century (2000+),Coming-of-Age / Bildungsroman,Mystery / Thriller,Novel,
Chimamanda Ngozi Adichie,Purple Hibiscus,2003,21st Century (2000+),Coming-of-Age / Bildungsroman,Literary / Realist Fiction,Novel,
Margaret Atwood,Oryx and Crake,2003,21st Century (2000+),Science Fiction / Dystopia,,Novel,
Dan Brown,The Da Vinci Code,2003,21st Century (2000+),Mystery / Thriller,,Novel,
Jeanne DuPrau,The City of Ember,2003,21st Century (2000+),Science Fiction / Dystopia,Fantasy / Adventure,Novel,
James Frey,A Million Little Pieces,2003,21st Century (2000+),Literary / Realist Fiction,,Other,Memoir/fiction hybrid; Form=Other
Mark Haddon,The Curious Incident of the Dog in the Night Time,2003,21st Century (2000+),Mystery / Thriller,Coming-of-Age / Bildungsroman,Novel,
Khaled Hosseini,The Kite Runner,2003,21st Century (2000+),Coming-of-Age / Bildungsroman,Literary / Realist Fiction,Novel,
Jhumpa Lahiri,The Namesake,2003,21st Century (2000+),Coming-of-Age / Bildungsroman,Literary / Realist Fiction,Novel,
J K Rowling,Harry Potter and the Order of the Phoenix,2003,21st Century (2000+),Fantasy / Adventure,,Novel,
Jodi Picoult,My Sisters Keeper,2004,21st Century (2000+),Literary / Realist Fiction,Mystery / Thriller,Novel,
Margaret Atwood,The Penelopiad,2005,21st Century (2000+),Literary / Realist Fiction,Comedy / Satire,Novel,Myth retelling; novella
Kim Edwards,The Memory Keepers Daughter,2005,21st Century (2000+),Literary / Realist Fiction,,Novel,
Jonathan Safran Foer,Extremely Loud and Incredibly Close,2005,21st Century (2000+),Literary / Realist Fiction,Coming-of-Age / Bildungsroman,Novel,
John Green,Looking for Alaska,2005,21st Century (2000+),Coming-of-Age / Bildungsroman,,Novel,
Kazuo Ishiguro,Never Let Me Go,2005,21st Century (2000+),Science Fiction / Dystopia,Literary / Realist Fiction,Novel,
Stieg Larsson,The Girl With the Dragon Tattoo,2005,21st Century (2000+),Mystery / Thriller,,Novel,
Cormac McCarthy,No Country for Old Men,2005,21st Century (2000+),Mystery / Thriller,Literary / Realist Fiction,Novel,
Stephenie Meyer,Twilight,2005,21st Century (2000+),Romance / Domestic Fiction,Fantasy / Adventure,Novel,
Rick Riordan,The Lightning Thief,2005,21st Century (2000+),Fantasy / Adventure,,Novel,
J K Rowling,Harry Potter and the Half Blood Prince,2005,21st Century (2000+),Fantasy / Adventure,,Novel,
Lisa See,Snow Flower and the Secret Fan,2005,21st Century (2000+),Literary / Realist Fiction,Romance / Domestic Fiction,Novel,
Scott Westerfeld,Uglies,2005,21st Century (2000+),Science Fiction / Dystopia,,Novel,
Markus Zusak,The Book Thief,2005,21st Century (2000+),Coming-of-Age / Bildungsroman,Literary / Realist Fiction,Novel,
John Boyne,The Boy in the Striped Pajamas,2006,21st Century (2000+),Coming-of-Age / Bildungsroman,Literary / Realist Fiction,Novel,
John Green,An Abundance of Katherines,2006,21st Century (2000+),Coming-of-Age / Bildungsroman,Romance / Domestic Fiction,Novel,
Cormac McCarthy,The Road,2006,21st Century (2000+),Science Fiction / Dystopia,Literary / Realist Fiction,Novel,
Philip Roth,Everyman,2006,21st Century (2000+),Literary / Realist Fiction,,Novel,
Sherman Alexie,The Absolutely True Diary of a Part Time Indian,2007,21st Century (2000+),Coming-of-Age / Bildungsroman,,Novel,
Jay Asher,Thirteen Reasons Why,2007,21st Century (2000+),Coming-of-Age / Bildungsroman,Mystery / Thriller,Novel,
Junot Daz,The Brief Wondrous Life of Oscar Wao,2007,21st Century (2000+),Literary / Realist Fiction,Coming-of-Age / Bildungsroman,Novel,
Khaled Hosseini,A Thousand Splendid Suns,2007,21st Century (2000+),Literary / Realist Fiction,Tragedy / Drama,Novel,
Nora Roberts,Blood Brothers,2007,21st Century (2000+),Romance / Domestic Fiction,Mystery / Thriller,Novel,Paranormal romance
J K Rowling,Harry Potter and the Deathly Hallows,2007,21st Century (2000+),Fantasy / Adventure,,Novel,
Laurie Halse Anderson,Chains,2008,21st Century (2000+),Coming-of-Age / Bildungsroman,,Novel,
Suzanne Collins,The Hunger Games,2008,21st Century (2000+),Science Fiction / Dystopia,,Novel,
Neil Gaiman,The Graveyard Book,2008,21st Century (2000+),Fantasy / Adventure,Mystery / Thriller,Novel,
John Green,Paper Towns,2008,21st Century (2000+),Coming-of-Age / Bildungsroman,Mystery / Thriller,Novel,
Suzanne Collins,Catching Fire,2009,21st Century (2000+),Science Fiction / Dystopia,,Novel,
James Dashner,The Maze Runner,2009,21st Century (2000+),Science Fiction / Dystopia,,Novel,
Jenny Han,The Summer I Turned Pretty,2009,21st Century (2000+),Romance / Domestic Fiction,Coming-of-Age / Bildungsroman,Novel,
Kathryn Stockett,The Help,2009,21st Century (2000+),Literary / Realist Fiction,,Novel,
Suzanne Collins,Mockingjay,2010,21st Century (2000+),Science Fiction / Dystopia,,Novel,
Sharon M Draper,Out of My Mind,2010,21st Century (2000+),Coming-of-Age / Bildungsroman,,Novel,
Jennifer Egan,A Visit from the Goon Squad,2010,21st Century (2000+),Literary / Realist Fiction,,Novel,
John Green,Will Grayson Will Grayson,2010,21st Century (2000+),Coming-of-Age / Bildungsroman,Romance / Domestic Fiction,Novel,
Ernest Cline,Ready Player One,2011,21st Century (2000+),Science Fiction / Dystopia,Fantasy / Adventure,Novel,
Marie Lu,Legend,2011,21st Century (2000+),Science Fiction / Dystopia,Romance / Domestic Fiction,Novel,
Erin Morgenstern,The Night Circus,2011,21st Century (2000+),Fantasy / Adventure,Romance / Domestic Fiction,Novel,
Veronica Roth,Divergent,2011,21st Century (2000+),Science Fiction / Dystopia,Romance / Domestic Fiction,Novel,
Leigh Bardugo,Shadow and Bone,2012,21st Century (2000+),Fantasy / Adventure,,Novel,
Kiera Cass,The Selection,2012,21st Century (2000+),Science Fiction / Dystopia,Romance / Domestic Fiction,Novel,Dystopian romance
Louise Erdrich,The Round House,2012,21st Century (2000+),Mystery / Thriller,Literary / Realist Fiction,Novel,
Gillian Flynn,Gone Girl,2012,21st Century (2000+),Mystery / Thriller,,Novel,
John Green,The Fault in Our Stars,2012,21st Century (2000+),Romance / Domestic Fiction,Coming-of-Age / Bildungsroman,Novel,
Bethan Roberts,My Policeman,2012,21st Century (2000+),Romance / Domestic Fiction,Literary / Realist Fiction,Novel,
Rainbow Rowell,Eleanor and Park,2012,21st Century (2000+),Romance / Domestic Fiction,Coming-of-Age / Bildungsroman,Novel,
Chimamanda Ngozi Adichie,Americanah,2013,21st Century (2000+),Literary / Realist Fiction,Romance / Domestic Fiction,Novel,
Leigh Bardugo,Siege and Storm,2013,21st Century (2000+),Fantasy / Adventure,,Novel,
Dave Eggers,The Circle,2013,21st Century (2000+),Science Fiction / Dystopia,,Novel,
Donna Tartt,The Goldfinch,2013,21st Century (2000+),Coming-of-Age / Bildungsroman,Mystery / Thriller,Novel,
Anthony Doerr,All the Light We Cannot See,2014,21st Century (2000+),Literary / Realist Fiction,,Novel,
E Lockhart,We Were Liars,2014,21st Century (2000+),Mystery / Thriller,Coming-of-Age / Bildungsroman,Novel,
Emily St John Mandel,Station Eleven,2014,21st Century (2000+),Science Fiction / Dystopia,,Novel,
Celeste Ng,Everything I Never Told You,2014,21st Century (2000+),Mystery / Thriller,,Novel,
Leigh Bardugo,Six of Crows,2015,21st Century (2000+),Fantasy / Adventure,Mystery / Thriller,Novel,
Camille DeAngelis,Bones and All,2015,21st Century (2000+),Coming-of-Age / Bildungsroman,Fantasy / Adventure,Novel,
Kristin Hannah,The Nightingale,2015,21st Century (2000+),Romance / Domestic Fiction,,Novel,
Harper Lee,Go Set a Watchman,2015,21st Century (2000+),Literary / Realist Fiction,,Novel,Companion to Mockingbird; not clearly coming-of-age
Sarah J Maas,A Court of Thorns and Roses,2015,21st Century (2000+),Fantasy / Adventure,Romance / Domestic Fiction,Novel,Romantic fantasy
Jennifer Niven,All the Bright Places,2015,21st Century (2000+),Coming-of-Age / Bildungsroman,Romance / Domestic Fiction,Novel,
Jason Reynolds,All American Boys,2015,21st Century (2000+),Coming-of-Age / Bildungsroman,,Novel,
Hanya Yanagihara,A Little Life,2015,21st Century (2000+),Literary / Realist Fiction,Tragedy / Drama,Novel,Intense literary drama
Nicola Yoon,Everything Everything,2015,21st Century (2000+),Coming-of-Age / Bildungsroman,Romance / Domestic Fiction,Novel,
Katherine Glasgow,Girl in Pieces,2016,21st Century (2000+),Coming-of-Age / Bildungsroman,,Novel,
Yaa Gyasi,Homegoing,2016,21st Century (2000+),Literary / Realist Fiction,,Novel,
Colleen Hoover,It Ends with Us,2016,21st Century (2000+),Romance / Domestic Fiction,,Novel,
Neal Shusterman,Scythe,2016,21st Century (2000+),Science Fiction / Dystopia,,Novel,
Amor Towles,A Gentleman in Moscow,2016,21st Century (2000+),Literary / Realist Fiction,Romance / Domestic Fiction,Novel,
Alan Gratz,Refugee,2017,21st Century (2000+),Literary / Realist Fiction,,Novel,
Mohsin Hamid,Exit West,2017,21st Century (2000+),Literary / Realist Fiction,Romance / Domestic Fiction,Novel,Magical Realism
Karen M McManus,One of Us Is Lying,2017,21st Century (2000+),Mystery / Thriller,Coming-of-Age / Bildungsroman,Novel,
Taylor Jenkins Reid,The Seven Husbands of Evelyn Hugo,2017,21st Century (2000+),Romance / Domestic Fiction,Literary / Realist Fiction,Novel,
Jason Reynolds,Long Way Down,2017,21st Century (2000+),Coming-of-Age / Bildungsroman,,Novel,
ML Rio,If We Were Villains,2017,21st Century (2000+),Mystery / Thriller,Literary / Realist Fiction,Novel,Dark academia mystery
Adam Silvera,They Both Die at the End,2017,21st Century (2000+),Coming-of-Age / Bildungsroman,Romance / Domestic Fiction,Novel,
Angie Thomas,The Hate U Give,2017,21st Century (2000+),Coming-of-Age / Bildungsroman,,Novel,
Jesmyn Ward,Sing Unburied Sing,2017,21st Century (2000+),Literary / Realist Fiction,Coming-of-Age / Bildungsroman,Novel,
Elizabeth Acevedo,The Poet X,2018,21st Century (2000+),Coming-of-Age / Bildungsroman,,Novel,
Colleen Hoover,Verity,2018,21st Century (2000+),Mystery / Thriller,Romance / Domestic Fiction,Novel,
Adib Khorram,Darius the Great Is Not Okay,2018,21st Century (2000+),Coming-of-Age / Bildungsroman,,Novel,
Rachael Lippincott,Five Feet Apart,2018,21st Century (2000+),Coming-of-Age / Bildungsroman,Romance / Domestic Fiction,Novel,
Carola Lovering,Tell Me Lies,2018,21st Century (2000+),Mystery / Thriller,Romance / Domestic Fiction,Novel,
Tahereh Mafi,A Very Large Expanse of Sea,2018,21st Century (2000+),Coming-of-Age / Bildungsroman,Romance / Domestic Fiction,Novel,
Madeline Miller,Circe,2018,21st Century (2000+),Fantasy / Adventure,Literary / Realist Fiction,Play,Mythological fantasy retelling
Tommy Orange,There There,2018,21st Century (2000+),Literary / Realist Fiction,,Novel,
Delia Owens,Where the Crawdads Sing,2018,21st Century (2000+),Mystery / Thriller,Coming-of-Age / Bildungsroman,Novel,
Sally Rooney,Normal People,2018,21st Century (2000+),Coming-of-Age / Bildungsroman,Romance / Domestic Fiction,Novel,
Karin Slaughter,Pieces of Her,2018,21st Century (2000+),Mystery / Thriller,,Novel,
Margaret Atwood,The Testaments,2019,21st Century (2000+),Science Fiction / Dystopia,,Novel,
Casey McQuiston,Red White and Royal Blue,2019,21st Century (2000+),Romance / Domestic Fiction,,Novel,
Alex Michaelides,The Silent Patient,2019,21st Century (2000+),Mystery / Thriller,,Novel,
Alice Oseman,Heartstopper Volume 1,2019,21st Century (2000+),Romance / Domestic Fiction,,Other,Graphic novel; Form=Other
Taylor Jenkins Reid,Daisy Jones and the Six,2019,21st Century (2000+),Romance / Domestic Fiction,Literary / Realist Fiction,Novel,
Angie Thomas,On The Come Up,2019,21st Century (2000+),Coming-of-Age / Bildungsroman,,Novel,
Colson Whitehead,The Nickel Boys,2019,21st Century (2000+),Literary / Realist Fiction,Coming-of-Age / Bildungsroman,Novel,
Rumaan Alam,Leave the World Behind,2020,21st Century (2000+),Mystery / Thriller,Literary / Realist Fiction,Novel,
Brit Bennett,The Vanishing Half,2020,21st Century (2000+),Literary / Realist Fiction,Coming-of-Age / Bildungsroman,Novel,
Suzanne Collins,The Ballad of Songbirds and Snakes,2020,21st Century (2000+),Science Fiction / Dystopia,,Novel,
Matt Haig,The Midnight Library,2020,21st Century (2000+),Fantasy / Adventure,Literary / Realist Fiction,Novel,Magical Realism/Fantasy
Naomi Novik,A Deadly Education A Novel,2020,21st Century (2000+),Fantasy / Adventure,Coming-of-Age / Bildungsroman,Novel,
Laura Dave,The Last Thing He Told Me,2021,21st Century (2000+),Mystery / Thriller,,Novel,
Angie Thomas,Concrete Rose,2021,21st Century (2000+),Coming-of-Age / Bildungsroman,,Novel,
Lucy Foley,The Paris Apartment,2022,21st Century (2000+),Mystery / Thriller,,Novel,
Bonnie Garmus,Lessons in Chemistry,2022,21st Century (2000+),Literary / Realist Fiction,Comedy / Satire,Novel,
Colleen Hoover,It Starts With Us,2022,21st Century (2000+),Romance / Domestic Fiction,,Novel,
Frieda McFadden,The Housemaid,2022,21st Century (2000+),Mystery / Thriller,,Novel,
Ann Patchett,Tom Lake,2023,21st Century (2000+),Literary / Realist Fiction,Romance / Domestic Fiction,Novel,
Rebecca Yarros,Fourth Wing,2023,21st Century (2000+),Fantasy / Adventure,Romance / Domestic Fiction,Novel,Romantic fantasy
Ashley Elston,First Lie Wins,2024,21st Century (2000+),Mystery / Thriller,,Novel,
Lady Murasaki Shikibu,The Tale of Genji,1010 AD,Pre-Modern (pre-1600),Literary / Realist Fiction,Romance / Domestic Fiction,Novel,Antiquity Japanese; earliest novel
William Shakespeare,Henry 6 Part 1,1591,Pre-Modern (pre-1600),Tragedy / Drama,,Play,History play; folded into Tragedy/Drama per taxonomy
William Shakespeare,Henry 6 Part 2,1591,Pre-Modern (pre-1600),Tragedy / Drama,,Play,History play
William Shakespeare,Henry 6 Part 3,1591,Pre-Modern (pre-1600),Tragedy / Drama,,Play,History play
Thomas Kyd,The Spanish Tragedy,1592,Pre-Modern (pre-1600),Tragedy / Drama,,Play,
Christopher Marlowe,Doctor Faustus,1604,Early Modern (1600–1800),Tragedy / Drama,,Play,
William Shakespeare,Richard 3,1592,Pre-Modern (pre-1600),Tragedy / Drama,,Play,History/Tragedy hybrid
William Shakespeare,The Two Gentlemen of Verona,1593,Pre-Modern (pre-1600),Comedy / Satire,Romance / Domestic Fiction,Play,
William Shakespeare,Titus Andronicus,1593,Pre-Modern (pre-1600),Tragedy / Drama,,Play,
William Shakespeare,The Taming of the Shrew,1594,Pre-Modern (pre-1600),Comedy / Satire,,Play,
William Shakespeare,Richard 2,1595,Pre-Modern (pre-1600),Tragedy / Drama,,Play,History play
William Shakespeare,Henry 4 Part 1,1597,Pre-Modern (pre-1600),Tragedy / Drama,Comedy / Satire,Play,History play; Falstaff brings comedy
William Shakespeare,Romeo and Juliet,1597,Pre-Modern (pre-1600),Tragedy / Drama,Romance / Domestic Fiction,Play,
William Shakespeare,Loves Labours Lost,1598,Pre-Modern (pre-1600),Comedy / Satire,,Play,
William Shakespeare,The Merchant of Venice,1598,Pre-Modern (pre-1600),Comedy / Satire,Tragedy / Drama,Play,Problem play; anti-Semitism makes it tragicomic
William Shakespeare,Much Ado About Nothing,1599,Pre-Modern (pre-1600),Comedy / Satire,Romance / Domestic Fiction,Play,
William Shakespeare,Henry 4 Part 2,1599,Pre-Modern (pre-1600),Tragedy / Drama,Comedy / Satire,Play,History play
William Shakespeare,Henry 5,1599,Pre-Modern (pre-1600),Tragedy / Drama,,Play,History play
William Shakespeare,Julius Caesar,1599,Pre-Modern (pre-1600),Tragedy / Drama,,Play,
William Shakespeare,A Midsummer Nights Dream,1600,Early Modern (1600–1800),Comedy / Satire,Fantasy / Adventure,Play,
William Shakespeare,The Merry Wives of Windsor,1602,Early Modern (1600–1800),Comedy / Satire,,Play,
William Shakespeare,Othello,1603,Early Modern (1600–1800),Tragedy / Drama,,Play,
Ben Jonson,Volpone,1606,Early Modern (1600–1800),Comedy / Satire,Tragedy / Drama,Play,
William Shakespeare,Coriolanus,1608,Early Modern (1600–1800),Tragedy / Drama,,Play,
William Shakespeare,King Lear,1608,Early Modern (1600–1800),Tragedy / Drama,,Play,
William Shakespeare,Troilus and Cressida,1609,Early Modern (1600–1800),Tragedy / Drama,Comedy / Satire,Play,Problem play
William Shakespeare,Pericles,1609,Early Modern (1600–1800),Comedy / Satire,Romance / Domestic Fiction,Play,Late romance
William Shakespeare,The Tempest,1611,Early Modern (1600–1800),Comedy / Satire,Fantasy / Adventure,Play,Late romance; traditionally grouped w/ comedies
William Shakespeare,The Winters Tale,1611,Early Modern (1600–1800),Comedy / Satire,Tragedy / Drama,Play,Late romance; tragicomic
William Shakespeare,Measure For Measure,1623,Early Modern (1600–1800),Comedy / Satire,Tragedy / Drama,Play,Problem play; dark comedy
William Shakespeare,As You Like It,1623,Early Modern (1600–1800),Comedy / Satire,Romance / Domestic Fiction,Play,
William Shakespeare,Alls Well That Ends Well,1623,Early Modern (1600–1800),Comedy / Satire,Romance / Domestic Fiction,Play,Problem play
William Shakespeare,Henry 8,1623,Early Modern (1600–1800),Tragedy / Drama,,Play,History play
William Shakespeare,King John,1623,Early Modern (1600–1800),Tragedy / Drama,,Play,History play
William Shakespeare,Cymbeline,1623,Early Modern (1600–1800),Comedy / Satire,Tragedy / Drama,Play,Late romance; tragicomic
William Shakespeare,Macbeth,1623,Early Modern (1600–1800),Tragedy / Drama,,Play,
William Shakespeare,Antony and Cleopatra,1623,Early Modern (1600–1800),Tragedy / Drama,Romance / Domestic Fiction,Play,
William Shakespeare,Hamlet,1623,Early Modern (1600–1800),Tragedy / Drama,,Play,
William Shakespeare,The Comedy of Errors,1623,Early Modern (1600–1800),Comedy / Satire,,Play,
William Shakespeare,Timon of Athens,1623,Early Modern (1600–1800),Tragedy / Drama,Comedy / Satire,Play,Problem play
Christopher Marlowe,The Jew of Malta,1633,Early Modern (1600–1800),Tragedy / Drama,Comedy / Satire,Play,
Moliere,Tartuffe,1664,Early Modern (1600–1800),Comedy / Satire,,Play,
Moliere,The Misanthrope,1666,Early Modern (1600–1800),Comedy / Satire,Tragedy / Drama,Play,
Eugene ONeill,Mourning Becomes Electra,1931,Early 20th Century (1900–1950),Tragedy / Drama,,Play,
Henrik Ibsen,A Dolls House,1879,19th Century,Tragedy / Drama,Comedy / Satire,Play,
Henrik Ibsen,Ghosts,1881,19th Century,Tragedy / Drama,,Play,
Henrik Ibsen,An Enemy of the People,1882,19th Century,Tragedy / Drama,,Play,
Henrik Ibsen,The Wild Duck,1884,19th Century,Tragedy / Drama,Comedy / Satire,Play,Tragicomedy
August Strindberg,Miss Julie,1888,19th Century,Tragedy / Drama,,Play,
Henrik Ibsen,Hedda Gabler,1890,19th Century,Tragedy / Drama,,Play,
Oscar Wilde,Salome,1893,19th Century,Tragedy / Drama,,Play,
George Bernard Shaw,Arms and the Man,1894,19th Century,Comedy / Satire,,Play,
Oscar Wilde,An Ideal Husband,1895,19th Century,Comedy / Satire,,Play,
Oscar Wilde,The Importance of Being Earnest,1895,19th Century,Comedy / Satire,,Play,
Anton Chekhov,The Seagull,1896,19th Century,Tragedy / Drama,Comedy / Satire,Play,Tragicomedy
Edmond Rostand,Cyrano de Bergerac,1897,19th Century,Comedy / Satire,Tragedy / Drama,Play,
Anton Chekhov,Uncle Vanya,1898,19th Century,Tragedy / Drama,Comedy / Satire,Play,Tragicomedy
Anton Chekhov,The Cherry Orchard,1904,Early 20th Century (1900–1950),Comedy / Satire,Tragedy / Drama,Play,"Chekhov's tragicomedy, labeled comedy"
George Bernard Shaw,Major Barbara,1907,Early 20th Century (1900–1950),Comedy / Satire,,Play,
John Millington Synge,The Playboy of the Western World,1907,Early 20th Century (1900–1950),Comedy / Satire,,Play,
Eugene ONeill,The Iceman Cometh,1946,Early 20th Century (1900–1950),Tragedy / Drama,,Play,
George Bernard Shaw,Pygmalion,1913,Early 20th Century (1900–1950),Comedy / Satire,,Play,
Luigi Pirandello,Six Characters in Search of an Author,1921,Early 20th Century (1900–1950),Tragedy / Drama,,Play,Absurdist/Metatheatrical
Eugene ONeill,The Hairy Ape,1922,Early 20th Century (1900–1950),Tragedy / Drama,,Play,
Bertolt Brecht,The Threepenny Opera,1928,Early 20th Century (1900–1950),Tragedy / Drama,Comedy / Satire,Play,
Thornton Wilder,Our Town,1938,Early 20th Century (1900–1950),Tragedy / Drama,,Play,
Bertolt Brecht,Mother Courage and Her Children,1939,Early 20th Century (1900–1950),Tragedy / Drama,,Play,
Tennessee Williams,Cat on a Hot Tin Roof,1955,Late 20th Century (1950–2000),Tragedy / Drama,,Play,
Jean Paul Sartre,The Flies,1943,Early 20th Century (1900–1950),Tragedy / Drama,,Play,
Jean Anouilh,Antigone,1944,Early 20th Century (1900–1950),Tragedy / Drama,,Play,
Jean Paul Sartre,No Exit,1944,Early 20th Century (1900–1950),Tragedy / Drama,,Play,
Tennessee Williams,The Glass Menagerie,1944,Early 20th Century (1900–1950),Tragedy / Drama,,Play,
J B Priestley,An Inspector Calls,1945,Early 20th Century (1900–1950),Tragedy / Drama,,Play,
Jean Genet,The Maids,1947,Early 20th Century (1900–1950),Tragedy / Drama,,Play,
Arthur Miller,All My Sons,1947,Early 20th Century (1900–1950),Tragedy / Drama,,Play,
Arthur Miller,Death of a Salesman,1949,Early 20th Century (1900–1950),Tragedy / Drama,,Play,
Samuel Beckett,Waiting for Godot,1952,Late 20th Century (1950–2000),Tragedy / Drama,,Play,Tragicomedy / Absurdist
Eugne Ionesco,The Chairs,1952,Late 20th Century (1950–2000),Tragedy / Drama,,Play,Absurdist
Arthur Miller,The Crucible,1953,Late 20th Century (1950–2000),Tragedy / Drama,,Play,
Reginald Rose,Twelve Angry Men,1954,Late 20th Century (1950–2000),Tragedy / Drama,,Play,
Jerome Lawrence and Robert E Lee,Inherit the Wind,1955,Late 20th Century (1950–2000),Tragedy / Drama,,Play,
Arthur Miller,A View from the Bridge,1955,Late 20th Century (1950–2000),Tragedy / Drama,,Play,
Eugene ONeill,Long Days Journey into Night,1956,Late 20th Century (1950–2000),Tragedy / Drama,,Play,
Samuel Beckett,Endgame,1957,Late 20th Century (1950–2000),Tragedy / Drama,,Play,Absurdist tragicomedy
Lorraine Hansberry,A Raisin in the Sun,1959,Late 20th Century (1950–2000),Tragedy / Drama,,Play,
Eugne Ionesco,Rhinoceros,1959,Late 20th Century (1950–2000),Tragedy / Drama,Comedy / Satire,Play,Absurdist
Robert Bolt,A Man for All Seasons,1960,Late 20th Century (1950–2000),Tragedy / Drama,,Play,
Harold Pinter,The Dumb Waiter,1960,Late 20th Century (1950–2000),Comedy / Satire,Mystery / Thriller,Play,Pinter absurdist
Edward Albee,The American Dream,1961,Late 20th Century (1950–2000),Comedy / Satire,,Play,
Samuel Beckett,Happy Days,1961,Late 20th Century (1950–2000),Tragedy / Drama,,Play,Absurdist
Edward Albee,Whos Afraid of Virginia Woolf,1962,Late 20th Century (1950–2000),Tragedy / Drama,,Play,
Tom Stoppard,Rosencrantz and Guildenstern Are Dead,1966,Late 20th Century (1950–2000),Tragedy / Drama,Comedy / Satire,Play,Absurdist comedy/tragedy
Caryl Churchill,Cloud 9,1979,Late 20th Century (1950–2000),Comedy / Satire,Tragedy / Drama,Play,
Sam Shepard,True West,1980,Late 20th Century (1950–2000),Tragedy / Drama,Comedy / Satire,Play,
Neil Simon,Brighton Beach Memoirs,1982,Late 20th Century (1950–2000),Coming-of-Age / Bildungsroman,Comedy / Satire,Play,
David Mamet,Glengarry Glen Ross,1983,Late 20th Century (1950–2000),Tragedy / Drama,,Play,
Sam Shepard,Fool For Love,1983,Late 20th Century (1950–2000),Tragedy / Drama,Romance / Domestic Fiction,Play,
August Wilson,Fences,1985,Late 20th Century (1950–2000),Tragedy / Drama,,Play,
August Wilson,The Piano Lesson,1987,Late 20th Century (1950–2000),Tragedy / Drama,,Play,
David Henry Hwang,M Butterfly,1988,Late 20th Century (1950–2000),Tragedy / Drama,,Play,
Tony Kushner,Angels in America,1991,Late 20th Century (1950–2000),Tragedy / Drama,,Play,
Tom Stoppard,Arcadia,1993,Late 20th Century (1950–2000),Comedy / Satire,Literary / Realist Fiction,Play,
Tennessee Williams,A Streetcar Named Desire,1947,Early 20th Century (1900–1950),Tragedy / Drama,,Play,
Euripides,The Bacchae,405 BC,Pre-Modern (pre-1600),Tragedy / Drama,,Play,
Sophocles,The Oedipus Plays,406 BC,Pre-Modern (pre-1600),Tragedy / Drama,,Play,
Sophocles,Electra,410 BC,Pre-Modern (pre-1600),Tragedy / Drama,,Play,
Aristophanes,Lysistrata,411 BC,Pre-Modern (pre-1600),Comedy / Satire,,Play,
Aristophanes,The Clouds,423 BC,Pre-Modern (pre-1600),Comedy / Satire,,Play,
Euripides,Medea,431 BC,Pre-Modern (pre-1600),Tragedy / Drama,,Play,
Aeschylus,Prometheus Bound,456 BC,Pre-Modern (pre-1600),Tragedy / Drama,,Play,
Aeschylus,The Libation Bearers,458 BC,Pre-Modern (pre-1600),Tragedy / Drama,,Play,
Aeschylus,Agamemnon,458 BC,Pre-Modern (pre-1600),Tragedy / Drama,,Play,